"datetime","Count"
2005-01-01,18
2005-01-02,8
2005-01-03,2
2005-01-04,9
2005-01-05,9
2005-01-06,1
2005-01-07,8
2005-01-08,5
2005-01-09,6
2005-01-10,12
2005-01-11,7
2005-01-12,10
2005-01-13,17
2005-01-14,8
2005-01-15,15
2005-01-16,6
2005-01-17,5
2005-01-18,4
2005-01-19,5
2005-01-20,9
2005-01-21,4
2005-01-22,5
2005-01-23,1
2005-01-24,8
2005-01-25,8
2005-01-26,4
2005-01-27,5
2005-01-28,14
2005-01-29,3
2005-01-30,6
2005-01-31,6
2005-02-01,11
2005-02-02,9
2005-02-03,7
2005-02-04,9
2005-02-05,8
2005-02-06,4
2005-02-07,7
2005-02-08,7
2005-02-09,6
2005-02-10,11
2005-02-11,8
2005-02-12,15
2005-02-13,5
2005-02-14,9
2005-02-15,16
2005-02-16,5
2005-02-17,11
2005-02-18,9
2005-02-19,10
2005-02-20,6
2005-02-21,10
2005-02-22,10
2005-02-23,15
2005-02-24,13
2005-02-25,10
2005-02-26,10
2005-02-27,10
2005-02-28,4
2005-03-01,15
2005-03-02,12
2005-03-03,12
2005-03-04,14
2005-03-05,10
2005-03-06,11
2005-03-07,13
2005-03-08,15
2005-03-09,12
2005-03-10,18
2005-03-11,11
2005-03-12,23
2005-03-13,13
2005-03-14,12
2005-03-15,15
2005-03-16,10
2005-03-17,8
2005-03-18,7
2005-03-19,9
2005-03-20,9
2005-03-21,16
2005-03-22,8
2005-03-23,3
2005-03-24,2
2005-03-25,7
2005-03-26,6
2005-03-27,10
2005-03-28,4
2005-03-29,5
2005-03-30,7
2005-03-31,10
2005-04-01,12
2005-04-02,11
2005-04-03,9
2005-04-04,4
2005-04-05,6
2005-04-06,5
2005-04-07,8
2005-04-08,8
2005-04-09,16
2005-04-10,7
2005-04-11,13
2005-04-12,12
2005-04-13,10
2005-04-14,14
2005-04-15,8
2005-04-16,19
2005-04-17,11
2005-04-18,5
2005-04-19,12
2005-04-20,6
2005-04-21,7
2005-04-22,3
2005-04-23,7
2005-04-24,8
2005-04-25,7
2005-04-26,9
2005-04-27,5
2005-04-28,7
2005-04-29,42
2005-04-30,3
2005-05-01,14
2005-05-02,10
2005-05-03,6
2005-05-04,4
2005-05-05,14
2005-05-06,4
2005-05-07,7
2005-05-08,4
2005-05-09,4
2005-05-10,10
2005-05-11,12
2005-05-12,6
2005-05-13,6
2005-05-14,4
2005-05-15,32
2005-05-16,4
2005-05-17,2
2005-05-18,10
2005-05-19,10
2005-05-20,15
2005-05-21,12
2005-05-22,6
2005-05-23,11
2005-05-24,9
2005-05-25,12
2005-05-26,7
2005-05-27,6
2005-05-28,9
2005-05-29,5
2005-05-30,8
2005-05-31,8
2005-06-01,15
2005-06-02,8
2005-06-03,4
2005-06-04,6
2005-06-05,13
2005-06-06,12
2005-06-07,16
2005-06-08,8
2005-06-09,9
2005-06-10,6
2005-06-11,16
2005-06-12,4
2005-06-13,9
2005-06-14,11
2005-06-15,36
2005-06-16,11
2005-06-17,14
2005-06-18,11
2005-06-19,22
2005-06-20,9
2005-06-21,11
2005-06-22,8
2005-06-23,12
2005-06-24,13
2005-06-25,16
2005-06-26,10
2005-06-27,5
2005-06-28,13
2005-06-29,11
2005-06-30,29
2005-07-01,10
2005-07-02,10
2005-07-03,21
2005-07-04,32
2005-07-05,16
2005-07-06,15
2005-07-07,10
2005-07-08,11
2005-07-09,24
2005-07-10,15
2005-07-11,17
2005-07-12,8
2005-07-13,15
2005-07-14,15
2005-07-15,28
2005-07-16,13
2005-07-17,10
2005-07-18,14
2005-07-19,8
2005-07-20,9
2005-07-21,10
2005-07-22,8
2005-07-23,12
2005-07-24,8
2005-07-25,9
2005-07-26,4
2005-07-27,12
2005-07-28,13
2005-07-29,12
2005-07-30,12
2005-07-31,19
2005-08-01,19
2005-08-02,10
2005-08-03,5
2005-08-04,12
2005-08-05,16
2005-08-06,18
2005-08-07,9
2005-08-08,6
2005-08-09,3
2005-08-10,12
2005-08-11,14
2005-08-12,19
2005-08-13,2
2005-08-14,10
2005-08-15,28
2005-08-16,6
2005-08-17,5
2005-08-18,5
2005-08-19,10
2005-08-20,15
2005-08-21,10
2005-08-22,8
2005-08-23,7
2005-08-24,8
2005-08-25,10
2005-08-26,7
2005-08-27,18
2005-08-28,7
2005-08-29,8
2005-08-30,7
2005-08-31,8
2005-09-01,20
2005-09-02,24
2005-09-03,14
2005-09-04,10
2005-09-05,12
2005-09-06,16
2005-09-07,12
2005-09-08,13
2005-09-09,10
2005-09-10,17
2005-09-11,17
2005-09-12,13
2005-09-13,15
2005-09-14,9
2005-09-15,18
2005-09-16,8
2005-09-17,18
2005-09-18,14
2005-09-19,19
2005-09-20,21
2005-09-21,17
2005-09-22,35
2005-09-23,7
2005-09-24,13
2005-09-25,9
2005-09-26,9
2005-09-27,4
2005-09-28,14
2005-09-29,13
2005-09-30,59
2005-10-01,48
2005-10-02,11
2005-10-03,9
2005-10-04,19
2005-10-05,10
2005-10-06,10
2005-10-07,9
2005-10-08,12
2005-10-09,6
2005-10-10,11
2005-10-11,15
2005-10-12,12
2005-10-13,14
2005-10-14,12
2005-10-15,28
2005-10-16,15
2005-10-17,15
2005-10-18,8
2005-10-19,8
2005-10-20,19
2005-10-21,5
2005-10-22,16
2005-10-23,10
2005-10-24,10
2005-10-25,6
2005-10-26,15
2005-10-27,5
2005-10-28,13
2005-10-29,12
2005-10-30,20
2005-10-31,40
2005-11-01,20
2005-11-02,25
2005-11-03,23
2005-11-04,13
2005-11-05,19
2005-11-06,12
2005-11-07,25
2005-11-08,12
2005-11-09,15
2005-11-10,20
2005-11-11,16
2005-11-12,9
2005-11-13,6
2005-11-14,16
2005-11-15,29
2005-11-16,8
2005-11-17,9
2005-11-18,13
2005-11-19,7
2005-11-20,18
2005-11-21,8
2005-11-22,28
2005-11-23,13
2005-11-24,10
2005-11-25,11
2005-11-26,5
2005-11-27,7
2005-11-28,10
2005-11-29,7
2005-11-30,7
2005-12-01,11
2005-12-02,10
2005-12-03,11
2005-12-04,4
2005-12-05,14
2005-12-06,6
2005-12-07,6
2005-12-08,11
2005-12-09,2
2005-12-10,9
2005-12-11,7
2005-12-12,11
2005-12-13,16
2005-12-14,6
2005-12-15,13
2005-12-16,5
2005-12-17,4
2005-12-18,8
2005-12-19,8
2005-12-20,6
2005-12-21,9
2005-12-22,8
2005-12-23,11
2005-12-24,7
2005-12-25,8
2005-12-26,5
2005-12-27,10
2005-12-28,11
2005-12-29,7
2005-12-30,5
2005-12-31,5
2006-01-01,10
2006-01-02,5
2006-01-03,13
2006-01-04,14
2006-01-05,11
2006-01-06,2
2006-01-07,13
2006-01-08,5
2006-01-09,6
2006-01-10,7
2006-01-11,3
2006-01-12,6
2006-01-13,6
2006-01-14,9
2006-01-15,12
2006-01-16,6
2006-01-17,5
2006-01-18,7
2006-01-19,10
2006-01-20,2
2006-01-21,9
2006-01-22,5
2006-01-23,5
2006-01-24,9
2006-01-25,9
2006-01-26,5
2006-01-27,6
2006-01-28,7
2006-01-29,7
2006-01-30,3
2006-01-31,5
2006-02-01,3
2006-02-02,7
2006-02-03,5
2006-02-04,4
2006-02-05,8
2006-02-06,11
2006-02-07,4
2006-02-08,10
2006-02-09,11
2006-02-10,7
2006-02-11,6
2006-02-12,4
2006-02-13,12
2006-02-14,9
2006-02-15,18
2006-02-16,6
2006-02-17,11
2006-02-18,4
2006-02-19,5
2006-02-20,11
2006-02-21,3
2006-02-22,5
2006-02-23,10
2006-02-24,8
2006-02-25,5
2006-02-26,9
2006-02-27,5
2006-02-28,9
2006-03-01,10
2006-03-02,8
2006-03-03,11
2006-03-04,11
2006-03-05,8
2006-03-06,10
2006-03-07,3
2006-03-08,8
2006-03-09,5
2006-03-10,12
2006-03-11,16
2006-03-12,8
2006-03-13,17
2006-03-14,14
2006-03-15,16
2006-03-16,9
2006-03-17,7
2006-03-18,10
2006-03-19,8
2006-03-20,2
2006-03-21,5
2006-03-22,9
2006-03-23,9
2006-03-24,5
2006-03-25,13
2006-03-26,4
2006-03-27,4
2006-03-28,6
2006-03-29,8
2006-03-30,10
2006-03-31,11
2006-04-01,13
2006-04-02,9
2006-04-03,10
2006-04-04,11
2006-04-05,14
2006-04-06,10
2006-04-07,18
2006-04-08,7
2006-04-09,8
2006-04-10,4
2006-04-11,7
2006-04-12,4
2006-04-13,7
2006-04-14,7
2006-04-15,19
2006-04-16,11
2006-04-17,10
2006-04-18,7
2006-04-19,14
2006-04-20,6
2006-04-21,7
2006-04-22,13
2006-04-23,8
2006-04-24,8
2006-04-25,8
2006-04-26,2
2006-04-27,4
2006-04-28,9
2006-04-29,22
2006-04-30,15
2006-05-01,9
2006-05-02,10
2006-05-03,7
2006-05-04,9
2006-05-05,5
2006-05-06,20
2006-05-07,11
2006-05-08,3
2006-05-09,7
2006-05-10,6
2006-05-11,9
2006-05-12,10
2006-05-13,10
2006-05-14,7
2006-05-15,13
2006-05-16,7
2006-05-17,13
2006-05-18,9
2006-05-19,9
2006-05-20,15
2006-05-21,12
2006-05-22,6
2006-05-23,9
2006-05-24,3
2006-05-25,8
2006-05-26,7
2006-05-27,8
2006-05-28,11
2006-05-29,9
2006-05-30,2
2006-05-31,2
2006-06-01,21
2006-06-02,10
2006-06-03,8
2006-06-04,7
2006-06-05,11
2006-06-06,20
2006-06-07,10
2006-06-08,6
2006-06-09,5
2006-06-10,13
2006-06-11,3
2006-06-12,12
2006-06-13,7
2006-06-14,5
2006-06-15,17
2006-06-16,11
2006-06-17,10
2006-06-18,14
2006-06-19,6
2006-06-20,14
2006-06-21,4
2006-06-22,8
2006-06-23,12
2006-06-24,6
2006-06-25,8
2006-06-26,10
2006-06-27,9
2006-06-28,12
2006-06-29,3
2006-06-30,18
2006-07-01,11
2006-07-02,4
2006-07-03,4
2006-07-04,22
2006-07-05,12
2006-07-06,9
2006-07-07,11
2006-07-08,13
2006-07-09,6
2006-07-10,9
2006-07-11,7
2006-07-12,14
2006-07-13,16
2006-07-14,13
2006-07-15,30
2006-07-16,17
2006-07-17,16
2006-07-18,15
2006-07-19,14
2006-07-20,14
2006-07-21,16
2006-07-22,6
2006-07-23,7
2006-07-24,7
2006-07-25,7
2006-07-26,13
2006-07-27,9
2006-07-28,11
2006-07-29,18
2006-07-30,15
2006-07-31,11
2006-08-01,18
2006-08-02,10
2006-08-03,8
2006-08-04,15
2006-08-05,19
2006-08-06,14
2006-08-07,5
2006-08-08,10
2006-08-09,14
2006-08-10,9
2006-08-11,12
2006-08-12,13
2006-08-13,20
2006-08-14,12
2006-08-15,21
2006-08-16,17
2006-08-17,13
2006-08-18,13
2006-08-19,21
2006-08-20,17
2006-08-21,12
2006-08-22,15
2006-08-23,10
2006-08-24,11
2006-08-25,10
2006-08-26,13
2006-08-27,15
2006-08-28,6
2006-08-29,8
2006-08-30,2
2006-08-31,5
2006-09-01,16
2006-09-02,22
2006-09-03,11
2006-09-04,6
2006-09-05,9
2006-09-06,6
2006-09-07,9
2006-09-08,7
2006-09-09,6
2006-09-10,9
2006-09-11,10
2006-09-12,6
2006-09-13,8
2006-09-14,3
2006-09-15,15
2006-09-16,15
2006-09-17,10
2006-09-18,4
2006-09-19,5
2006-09-20,9
2006-09-21,14
2006-09-22,14
2006-09-23,11
2006-09-24,6
2006-09-25,13
2006-09-26,7
2006-09-27,13
2006-09-28,10
2006-09-29,6
2006-09-30,11
2006-10-01,56
2006-10-02,12
2006-10-03,17
2006-10-04,11
2006-10-05,7
2006-10-06,11
2006-10-07,7
2006-10-08,9
2006-10-09,9
2006-10-10,11
2006-10-11,13
2006-10-12,7
2006-10-13,12
2006-10-14,11
2006-10-15,12
2006-10-16,8
2006-10-17,7
2006-10-18,8
2006-10-19,7
2006-10-20,14
2006-10-21,11
2006-10-22,8
2006-10-23,11
2006-10-24,8
2006-10-25,15
2006-10-26,10
2006-10-27,7
2006-10-28,16
2006-10-29,8
2006-10-30,11
2006-10-31,12
2006-11-01,14
2006-11-02,5
2006-11-03,8
2006-11-04,14
2006-11-05,11
2006-11-06,10
2006-11-07,14
2006-11-08,18
2006-11-09,10
2006-11-10,10
2006-11-11,14
2006-11-12,4
2006-11-13,7
2006-11-14,7
2006-11-15,13
2006-11-16,13
2006-11-17,11
2006-11-18,16
2006-11-19,17
2006-11-20,7
2006-11-21,13
2006-11-22,14
2006-11-23,12
2006-11-24,20
2006-11-25,12
2006-11-26,17
2006-11-27,10
2006-11-28,39
2006-11-29,5
2006-11-30,14
2006-12-01,13
2006-12-02,9
2006-12-03,14
2006-12-04,5
2006-12-05,13
2006-12-06,15
2006-12-07,12
2006-12-08,15
2006-12-09,16
2006-12-10,8
2006-12-11,13
2006-12-12,9
2006-12-13,18
2006-12-14,8
2006-12-15,19
2006-12-16,34
2006-12-17,6
2006-12-18,10
2006-12-19,7
2006-12-20,7
2006-12-21,9
2006-12-22,3
2006-12-23,6
2006-12-24,16
2006-12-25,7
2006-12-26,9
2006-12-27,11
2006-12-28,12
2006-12-29,6
2006-12-30,5
2006-12-31,18
2007-01-01,35
2007-01-02,23
2007-01-03,27
2007-01-04,12
2007-01-05,9
2007-01-06,14
2007-01-07,16
2007-01-08,12
2007-01-09,6
2007-01-10,20
2007-01-11,6
2007-01-12,6
2007-01-13,13
2007-01-14,11
2007-01-15,13
2007-01-16,16
2007-01-17,13
2007-01-18,8
2007-01-19,9
2007-01-20,18
2007-01-21,5
2007-01-22,6
2007-01-23,10
2007-01-24,17
2007-01-25,17
2007-01-26,9
2007-01-27,12
2007-01-28,12
2007-01-29,12
2007-01-30,7
2007-01-31,4
2007-02-01,11
2007-02-02,6
2007-02-03,7
2007-02-04,15
2007-02-05,7
2007-02-06,19
2007-02-07,10
2007-02-08,12
2007-02-09,2
2007-02-10,8
2007-02-11,7
2007-02-12,6
2007-02-13,5
2007-02-14,8
2007-02-15,8
2007-02-16,8
2007-02-17,11
2007-02-18,5
2007-02-19,6
2007-02-20,7
2007-02-21,8
2007-02-22,14
2007-02-23,4
2007-02-24,12
2007-02-25,8
2007-02-26,6
2007-02-27,5
2007-02-28,18
2007-03-01,13
2007-03-02,9
2007-03-03,14
2007-03-04,9
2007-03-05,15
2007-03-06,6
2007-03-07,13
2007-03-08,18
2007-03-09,11
2007-03-10,12
2007-03-11,15
2007-03-12,8
2007-03-13,13
2007-03-14,12
2007-03-15,15
2007-03-16,16
2007-03-17,11
2007-03-18,12
2007-03-19,6
2007-03-20,12
2007-03-21,5
2007-03-22,10
2007-03-23,5
2007-03-24,8
2007-03-25,10
2007-03-26,8
2007-03-27,6
2007-03-28,7
2007-03-29,6
2007-03-30,11
2007-03-31,15
2007-04-01,9
2007-04-02,8
2007-04-03,8
2007-04-04,14
2007-04-05,7
2007-04-06,8
2007-04-07,8
2007-04-08,5
2007-04-09,14
2007-04-10,3
2007-04-11,6
2007-04-12,11
2007-04-13,6
2007-04-14,17
2007-04-15,13
2007-04-16,11
2007-04-17,9
2007-04-18,7
2007-04-19,7
2007-04-20,16
2007-04-21,18
2007-04-22,14
2007-04-23,9
2007-04-24,6
2007-04-25,8
2007-04-26,7
2007-04-27,12
2007-04-28,7
2007-04-29,14
2007-04-30,8
2007-05-01,15
2007-05-02,11
2007-05-03,9
2007-05-04,7
2007-05-05,11
2007-05-06,8
2007-05-07,12
2007-05-08,15
2007-05-09,8
2007-05-10,9
2007-05-11,7
2007-05-12,12
2007-05-13,6
2007-05-14,8
2007-05-15,12
2007-05-16,6
2007-05-17,4
2007-05-18,7
2007-05-19,8
2007-05-20,9
2007-05-21,4
2007-05-22,10
2007-05-23,12
2007-05-24,5
2007-05-25,6
2007-05-26,10
2007-05-27,6
2007-05-28,12
2007-05-29,8
2007-05-30,10
2007-05-31,10
2007-06-01,9
2007-06-02,3
2007-06-03,7
2007-06-04,10
2007-06-05,12
2007-06-06,16
2007-06-07,10
2007-06-08,7
2007-06-09,13
2007-06-10,15
2007-06-11,11
2007-06-12,5
2007-06-13,8
2007-06-14,11
2007-06-15,21
2007-06-16,10
2007-06-17,10
2007-06-18,16
2007-06-19,35
2007-06-20,29
2007-06-21,12
2007-06-22,14
2007-06-23,19
2007-06-24,18
2007-06-25,12
2007-06-26,9
2007-06-27,5
2007-06-28,9
2007-06-29,8
2007-06-30,18
2007-07-01,16
2007-07-02,5
2007-07-03,23
2007-07-04,36
2007-07-05,9
2007-07-06,13
2007-07-07,22
2007-07-08,10
2007-07-09,13
2007-07-10,10
2007-07-11,12
2007-07-12,12
2007-07-13,16
2007-07-14,16
2007-07-15,26
2007-07-16,12
2007-07-17,9
2007-07-18,5
2007-07-19,8
2007-07-20,18
2007-07-21,26
2007-07-22,15
2007-07-23,8
2007-07-24,9
2007-07-25,14
2007-07-26,9
2007-07-27,16
2007-07-28,14
2007-07-29,13
2007-07-30,12
2007-07-31,8
2007-08-01,10
2007-08-02,8
2007-08-03,12
2007-08-04,14
2007-08-05,11
2007-08-06,3
2007-08-07,11
2007-08-08,7
2007-08-09,12
2007-08-10,18
2007-08-11,25
2007-08-12,34
2007-08-13,15
2007-08-14,14
2007-08-15,24
2007-08-16,11
2007-08-17,9
2007-08-18,17
2007-08-19,18
2007-08-20,20
2007-08-21,11
2007-08-22,10
2007-08-23,14
2007-08-24,10
2007-08-25,10
2007-08-26,12
2007-08-27,16
2007-08-28,20
2007-08-29,10
2007-08-30,14
2007-08-31,10
2007-09-01,28
2007-09-02,20
2007-09-03,9
2007-09-04,14
2007-09-05,8
2007-09-06,9
2007-09-07,6
2007-09-08,15
2007-09-09,10
2007-09-10,9
2007-09-11,13
2007-09-12,15
2007-09-13,21
2007-09-14,16
2007-09-15,24
2007-09-16,17
2007-09-17,22
2007-09-18,8
2007-09-19,5
2007-09-20,15
2007-09-21,20
2007-09-22,27
2007-09-23,10
2007-09-24,10
2007-09-25,12
2007-09-26,11
2007-09-27,10
2007-09-28,4
2007-09-29,12
2007-09-30,16
2007-10-01,17
2007-10-02,11
2007-10-03,15
2007-10-04,10
2007-10-05,14
2007-10-06,18
2007-10-07,12
2007-10-08,5
2007-10-09,13
2007-10-10,20
2007-10-11,8
2007-10-12,13
2007-10-13,15
2007-10-14,12
2007-10-15,15
2007-10-16,10
2007-10-17,7
2007-10-18,7
2007-10-19,15
2007-10-20,21
2007-10-21,17
2007-10-22,10
2007-10-23,16
2007-10-24,14
2007-10-25,13
2007-10-26,13
2007-10-27,7
2007-10-28,16
2007-10-29,13
2007-10-30,14
2007-10-31,7
2007-11-01,21
2007-11-02,18
2007-11-03,13
2007-11-04,16
2007-11-05,22
2007-11-06,10
2007-11-07,8
2007-11-08,11
2007-11-09,11
2007-11-10,17
2007-11-11,11
2007-11-12,17
2007-11-13,19
2007-11-14,9
2007-11-15,14
2007-11-16,10
2007-11-17,8
2007-11-18,10
2007-11-19,5
2007-11-20,6
2007-11-21,7
2007-11-22,8
2007-11-23,11
2007-11-24,4
2007-11-25,5
2007-11-26,8
2007-11-27,11
2007-11-28,12
2007-11-29,10
2007-11-30,9
2007-12-01,14
2007-12-02,8
2007-12-03,10
2007-12-04,17
2007-12-05,6
2007-12-06,7
2007-12-07,6
2007-12-08,10
2007-12-09,5
2007-12-10,45
2007-12-11,9
2007-12-12,23
2007-12-13,7
2007-12-14,13
2007-12-15,17
2007-12-16,4
2007-12-17,1
2007-12-18,3
2007-12-19,4
2007-12-20,10
2007-12-21,7
2007-12-22,9
2007-12-23,17
2007-12-24,12
2007-12-25,7
2007-12-26,8
2007-12-27,4
2007-12-28,5
2007-12-29,10
2007-12-30,10
2007-12-31,20
2008-01-01,41
2008-01-02,14
2008-01-03,12
2008-01-04,12
2008-01-05,8
2008-01-06,5
2008-01-07,7
2008-01-08,24
2008-01-09,15
2008-01-10,11
2008-01-11,8
2008-01-12,18
2008-01-13,8
2008-01-14,14
2008-01-15,23
2008-01-16,13
2008-01-17,12
2008-01-18,19
2008-01-19,7
2008-01-20,24
2008-01-21,8
2008-01-22,10
2008-01-23,13
2008-01-24,17
2008-01-25,10
2008-01-26,20
2008-01-27,15
2008-01-28,11
2008-01-29,12
2008-01-30,13
2008-01-31,12
2008-02-01,12
2008-02-02,9
2008-02-03,7
2008-02-04,8
2008-02-05,6
2008-02-06,11
2008-02-07,13
2008-02-08,10
2008-02-09,14
2008-02-10,6
2008-02-11,13
2008-02-12,15
2008-02-13,13
2008-02-14,11
2008-02-15,7
2008-02-16,17
2008-02-17,15
2008-02-18,9
2008-02-19,21
2008-02-20,27
2008-02-21,14
2008-02-22,12
2008-02-23,10
2008-02-24,8
2008-02-25,11
2008-02-26,9
2008-02-27,18
2008-02-28,10
2008-02-29,9
2008-03-01,11
2008-03-02,12
2008-03-03,5
2008-03-04,5
2008-03-05,12
2008-03-06,19
2008-03-07,5
2008-03-08,16
2008-03-09,11
2008-03-10,12
2008-03-11,11
2008-03-12,3
2008-03-13,12
2008-03-14,7
2008-03-15,17
2008-03-16,9
2008-03-17,5
2008-03-18,7
2008-03-19,8
2008-03-20,7
2008-03-21,13
2008-03-22,9
2008-03-23,9
2008-03-24,16
2008-03-25,10
2008-03-26,9
2008-03-27,12
2008-03-28,7
2008-03-29,10
2008-03-30,11
2008-03-31,4
2008-04-01,9
2008-04-02,9
2008-04-03,10
2008-04-04,10
2008-04-05,4
2008-04-06,10
2008-04-07,17
2008-04-08,7
2008-04-09,7
2008-04-10,22
2008-04-11,13
2008-04-12,16
2008-04-13,9
2008-04-14,14
2008-04-15,15
2008-04-16,32
2008-04-17,21
2008-04-18,9
2008-04-19,14
2008-04-20,17
2008-04-21,19
2008-04-22,14
2008-04-23,15
2008-04-24,16
2008-04-25,15
2008-04-26,16
2008-04-27,18
2008-04-28,4
2008-04-29,11
2008-04-30,11
2008-05-01,6
2008-05-02,8
2008-05-03,13
2008-05-04,8
2008-05-05,15
2008-05-06,5
2008-05-07,7
2008-05-08,9
2008-05-09,14
2008-05-10,13
2008-05-11,7
2008-05-12,2
2008-05-13,12
2008-05-14,14
2008-05-15,13
2008-05-16,13
2008-05-17,12
2008-05-18,11
2008-05-19,13
2008-05-20,10
2008-05-21,9
2008-05-22,9
2008-05-23,9
2008-05-24,13
2008-05-25,12
2008-05-26,9
2008-05-27,4
2008-05-28,6
2008-05-29,12
2008-05-30,13
2008-05-31,12
2008-06-01,15
2008-06-02,9
2008-06-03,4
2008-06-04,5
2008-06-05,14
2008-06-06,19
2008-06-07,25
2008-06-08,23
2008-06-09,11
2008-06-10,15
2008-06-11,11
2008-06-12,14
2008-06-13,12
2008-06-14,26
2008-06-15,15
2008-06-16,11
2008-06-17,17
2008-06-18,14
2008-06-19,10
2008-06-20,19
2008-06-21,24
2008-06-22,17
2008-06-23,17
2008-06-24,12
2008-06-25,12
2008-06-26,7
2008-06-27,10
2008-06-28,16
2008-06-29,11
2008-06-30,28
2008-07-01,9
2008-07-02,16
2008-07-03,17
2008-07-04,62
2008-07-05,33
2008-07-06,13
2008-07-07,17
2008-07-08,8
2008-07-09,8
2008-07-10,11
2008-07-11,14
2008-07-12,26
2008-07-13,21
2008-07-14,17
2008-07-15,23
2008-07-16,10
2008-07-17,13
2008-07-18,20
2008-07-19,16
2008-07-20,13
2008-07-21,11
2008-07-22,7
2008-07-23,12
2008-07-24,18
2008-07-25,27
2008-07-26,13
2008-07-27,17
2008-07-28,8
2008-07-29,10
2008-07-30,15
2008-07-31,25
2008-08-01,24
2008-08-02,35
2008-08-03,22
2008-08-04,21
2008-08-05,15
2008-08-06,7
2008-08-07,17
2008-08-08,24
2008-08-09,18
2008-08-10,17
2008-08-11,14
2008-08-12,9
2008-08-13,11
2008-08-14,18
2008-08-15,16
2008-08-16,7
2008-08-17,13
2008-08-18,8
2008-08-19,13
2008-08-20,12
2008-08-21,11
2008-08-22,15
2008-08-23,16
2008-08-24,11
2008-08-25,11
2008-08-26,12
2008-08-27,15
2008-08-28,10
2008-08-29,10
2008-08-30,12
2008-08-31,24
2008-09-01,11
2008-09-02,13
2008-09-03,12
2008-09-04,6
2008-09-05,10
2008-09-06,11
2008-09-07,9
2008-09-08,4
2008-09-09,10
2008-09-10,13
2008-09-11,4
2008-09-12,13
2008-09-13,2
2008-09-14,16
2008-09-15,8
2008-09-16,8
2008-09-17,16
2008-09-18,16
2008-09-19,16
2008-09-20,18
2008-09-21,20
2008-09-22,14
2008-09-23,14
2008-09-24,11
2008-09-25,17
2008-09-26,14
2008-09-27,15
2008-09-28,15
2008-09-29,14
2008-09-30,6
2008-10-01,27
2008-10-02,12
2008-10-03,10
2008-10-04,9
2008-10-05,8
2008-10-06,11
2008-10-07,15
2008-10-08,17
2008-10-09,19
2008-10-10,19
2008-10-11,13
2008-10-12,13
2008-10-13,6
2008-10-14,12
2008-10-15,19
2008-10-16,9
2008-10-17,15
2008-10-18,13
2008-10-19,21
2008-10-20,13
2008-10-21,9
2008-10-22,14
2008-10-23,19
2008-10-24,15
2008-10-25,20
2008-10-26,14
2008-10-27,15
2008-10-28,26
2008-10-29,17
2008-10-30,24
2008-10-31,31
2008-11-01,25
2008-11-02,18
2008-11-03,10
2008-11-04,7
2008-11-05,7
2008-11-06,11
2008-11-07,12
2008-11-08,13
2008-11-09,16
2008-11-10,15
2008-11-11,5
2008-11-12,15
2008-11-13,11
2008-11-14,19
2008-11-15,16
2008-11-16,9
2008-11-17,19
2008-11-18,20
2008-11-19,17
2008-11-20,24
2008-11-21,23
2008-11-22,14
2008-11-23,17
2008-11-24,9
2008-11-25,11
2008-11-26,10
2008-11-27,15
2008-11-28,17
2008-11-29,8
2008-11-30,6
2008-12-01,9
2008-12-02,13
2008-12-03,14
2008-12-04,8
2008-12-05,10
2008-12-06,15
2008-12-07,9
2008-12-08,7
2008-12-09,4
2008-12-10,11
2008-12-11,2
2008-12-12,8
2008-12-13,15
2008-12-14,10
2008-12-15,10
2008-12-16,10
2008-12-17,8
2008-12-18,14
2008-12-19,8
2008-12-20,8
2008-12-21,5
2008-12-22,11
2008-12-23,7
2008-12-24,11
2008-12-25,17
2008-12-26,4
2008-12-27,12
2008-12-28,11
2008-12-29,19
2008-12-30,10
2008-12-31,16
2009-01-01,40
2009-01-02,12
2009-01-03,15
2009-01-04,11
2009-01-05,9
2009-01-06,8
2009-01-07,13
2009-01-08,10
2009-01-09,14
2009-01-10,15
2009-01-11,8
2009-01-12,10
2009-01-13,21
2009-01-14,15
2009-01-15,18
2009-01-16,19
2009-01-17,12
2009-01-18,28
2009-01-19,14
2009-01-20,15
2009-01-21,15
2009-01-22,9
2009-01-23,21
2009-01-24,15
2009-01-25,11
2009-01-26,13
2009-01-27,9
2009-01-28,16
2009-01-29,12
2009-01-30,9
2009-01-31,18
2009-02-01,14
2009-02-02,24
2009-02-03,12
2009-02-04,17
2009-02-05,15
2009-02-06,10
2009-02-07,9
2009-02-08,14
2009-02-09,5
2009-02-10,15
2009-02-11,14
2009-02-12,18
2009-02-13,19
2009-02-14,17
2009-02-15,17
2009-02-16,16
2009-02-17,11
2009-02-18,11
2009-02-19,9
2009-02-20,14
2009-02-21,13
2009-02-22,9
2009-02-23,10
2009-02-24,15
2009-02-25,10
2009-02-26,11
2009-02-27,12
2009-02-28,6
2009-03-01,10
2009-03-02,9
2009-03-03,5
2009-03-04,7
2009-03-05,13
2009-03-06,10
2009-03-07,12
2009-03-08,11
2009-03-09,4
2009-03-10,8
2009-03-11,5
2009-03-12,9
2009-03-13,8
2009-03-14,15
2009-03-15,19
2009-03-16,13
2009-03-17,13
2009-03-18,5
2009-03-19,9
2009-03-20,17
2009-03-21,14
2009-03-22,14
2009-03-23,11
2009-03-24,7
2009-03-25,9
2009-03-26,6
2009-03-27,4
2009-03-28,10
2009-03-29,13
2009-03-30,11
2009-03-31,12
2009-04-01,8
2009-04-02,4
2009-04-03,9
2009-04-04,18
2009-04-05,10
2009-04-06,10
2009-04-07,11
2009-04-08,8
2009-04-09,8
2009-04-10,9
2009-04-11,2
2009-04-12,7
2009-04-13,6
2009-04-14,1
2009-04-15,11
2009-04-16,16
2009-04-17,16
2009-04-18,16
2009-04-19,17
2009-04-20,17
2009-04-21,12
2009-04-22,8
2009-04-23,9
2009-04-24,16
2009-04-25,9
2009-04-26,8
2009-04-27,10
2009-04-28,6
2009-04-29,4
2009-04-30,8
2009-05-01,9
2009-05-02,13
2009-05-03,7
2009-05-04,3
2009-05-05,9
2009-05-06,6
2009-05-07,4
2009-05-08,6
2009-05-09,15
2009-05-10,9
2009-05-11,11
2009-05-12,7
2009-05-13,5
2009-05-14,12
2009-05-15,23
2009-05-16,5
2009-05-17,15
2009-05-18,16
2009-05-19,10
2009-05-20,14
2009-05-21,8
2009-05-22,7
2009-05-23,10
2009-05-24,21
2009-05-25,19
2009-05-26,6
2009-05-27,15
2009-05-28,14
2009-05-29,9
2009-05-30,17
2009-05-31,14
2009-06-01,16
2009-06-02,13
2009-06-03,9
2009-06-04,6
2009-06-05,10
2009-06-06,10
2009-06-07,9
2009-06-08,9
2009-06-09,13
2009-06-10,12
2009-06-11,12
2009-06-12,15
2009-06-13,12
2009-06-14,16
2009-06-15,8
2009-06-16,6
2009-06-17,7
2009-06-18,11
2009-06-19,11
2009-06-20,18
2009-06-21,15
2009-06-22,13
2009-06-23,16
2009-06-24,13
2009-06-25,12
2009-06-26,5
2009-06-27,16
2009-06-28,11
2009-06-29,14
2009-06-30,19
2009-07-01,16
2009-07-02,9
2009-07-03,18
2009-07-04,84
2009-07-05,15
2009-07-06,15
2009-07-07,20
2009-07-08,17
2009-07-09,10
2009-07-10,15
2009-07-11,14
2009-07-12,12
2009-07-13,12
2009-07-14,11
2009-07-15,14
2009-07-16,16
2009-07-17,13
2009-07-18,32
2009-07-19,11
2009-07-20,17
2009-07-21,16
2009-07-22,13
2009-07-23,8
2009-07-24,24
2009-07-25,37
2009-07-26,16
2009-07-27,15
2009-07-28,8
2009-07-29,13
2009-07-30,11
2009-07-31,11
2009-08-01,24
2009-08-02,8
2009-08-03,10
2009-08-04,7
2009-08-05,17
2009-08-06,9
2009-08-07,10
2009-08-08,21
2009-08-09,7
2009-08-10,13
2009-08-11,13
2009-08-12,10
2009-08-13,18
2009-08-14,18
2009-08-15,36
2009-08-16,12
2009-08-17,9
2009-08-18,14
2009-08-19,20
2009-08-20,19
2009-08-21,17
2009-08-22,18
2009-08-23,21
2009-08-24,15
2009-08-25,20
2009-08-26,6
2009-08-27,14
2009-08-28,15
2009-08-29,20
2009-08-30,12
2009-08-31,11
2009-09-01,12
2009-09-02,18
2009-09-03,15
2009-09-04,13
2009-09-05,18
2009-09-06,12
2009-09-07,16
2009-09-08,37
2009-09-09,26
2009-09-10,8
2009-09-11,24
2009-09-12,25
2009-09-13,14
2009-09-14,14
2009-09-15,17
2009-09-16,10
2009-09-17,15
2009-09-18,22
2009-09-19,126
2009-09-20,26
2009-09-21,7
2009-09-22,9
2009-09-23,14
2009-09-24,9
2009-09-25,12
2009-09-26,22
2009-09-27,11
2009-09-28,8
2009-09-29,2
2009-09-30,7
2009-10-01,12
2009-10-02,8
2009-10-03,13
2009-10-04,7
2009-10-05,7
2009-10-06,5
2009-10-07,8
2009-10-08,10
2009-10-09,12
2009-10-10,9
2009-10-11,11
2009-10-12,5
2009-10-13,8
2009-10-14,8
2009-10-15,12
2009-10-16,15
2009-10-17,19
2009-10-18,7
2009-10-19,9
2009-10-20,12
2009-10-21,5
2009-10-22,7
2009-10-23,5
2009-10-24,13
2009-10-25,9
2009-10-26,8
2009-10-27,9
2009-10-28,9
2009-10-29,8
2009-10-30,4
2009-10-31,12
2009-11-01,13
2009-11-02,8
2009-11-03,7
2009-11-04,5
2009-11-05,14
2009-11-06,8
2009-11-07,9
2009-11-08,8
2009-11-09,10
2009-11-10,6
2009-11-11,7
2009-11-12,12
2009-11-13,16
2009-11-14,9
2009-11-15,14
2009-11-16,14
2009-11-17,18
2009-11-18,8
2009-11-19,12
2009-11-20,11
2009-11-21,7
2009-11-22,8
2009-11-23,5
2009-11-24,11
2009-11-25,13
2009-11-26,15
2009-11-27,8
2009-11-28,10
2009-11-29,3
2009-11-30,4
2009-12-01,18
2009-12-02,12
2009-12-03,6
2009-12-04,12
2009-12-05,8
2009-12-06,7
2009-12-07,6
2009-12-08,4
2009-12-09,8
2009-12-10,6
2009-12-11,11
2009-12-12,18
2009-12-13,7
2009-12-14,7
2009-12-15,8
2009-12-16,4
2009-12-17,7
2009-12-18,3
2009-12-19,5
2009-12-20,11
2009-12-21,6
2009-12-22,6
2009-12-23,8
2009-12-24,10
2009-12-25,5
2009-12-26,11
2009-12-27,4
2009-12-28,6
2009-12-29,11
2009-12-30,5
2009-12-31,22
2010-01-01,46
2010-01-02,11
2010-01-03,5
2010-01-04,7
2010-01-05,9
2010-01-06,5
2010-01-07,7
2010-01-08,6
2010-01-09,11
2010-01-10,13
2010-01-11,8
2010-01-12,8
2010-01-13,8
2010-01-14,2
2010-01-15,12
2010-01-16,6
2010-01-17,4
2010-01-18,11
2010-01-19,3
2010-01-20,11
2010-01-21,6
2010-01-22,7
2010-01-23,9
2010-01-24,1
2010-01-25,12
2010-01-26,4
2010-01-27,6
2010-01-28,7
2010-01-29,6
2010-01-30,3
2010-01-31,4
2010-02-01,7
2010-02-02,6
2010-02-03,3
2010-02-04,6
2010-02-05,5
2010-02-06,8
2010-02-07,7
2010-02-08,5
2010-02-09,3
2010-02-10,3
2010-02-11,1
2010-02-12,12
2010-02-13,11
2010-02-14,8
2010-02-15,8
2010-02-16,8
2010-02-17,3
2010-02-18,8
2010-02-19,8
2010-02-20,7
2010-02-21,5
2010-02-22,3
2010-02-23,3
2010-02-24,5
2010-02-25,5
2010-02-26,5
2010-02-27,8
2010-02-28,10
2010-03-01,12
2010-03-02,1
2010-03-03,7
2010-03-04,4
2010-03-05,18
2010-03-06,12
2010-03-07,6
2010-03-08,3
2010-03-09,6
2010-03-10,7
2010-03-11,4
2010-03-12,12
2010-03-13,11
2010-03-14,8
2010-03-15,6
2010-03-16,14
2010-03-17,6
2010-03-18,11
2010-03-19,12
2010-03-20,7
2010-03-21,6
2010-03-22,5
2010-03-23,4
2010-03-24,5
2010-03-25,5
2010-03-26,9
2010-03-27,7
2010-03-28,6
2010-03-29,4
2010-03-30,7
2010-03-31,11
2010-04-01,7
2010-04-02,9
2010-04-03,9
2010-04-04,5
2010-04-05,11
2010-04-06,5
2010-04-07,7
2010-04-08,17
2010-04-09,12
2010-04-10,17
2010-04-11,6
2010-04-12,5
2010-04-13,12
2010-04-14,22
2010-04-15,11
2010-04-16,5
2010-04-17,9
2010-04-18,8
2010-04-19,5
2010-04-20,7
2010-04-21,7
2010-04-22,8
2010-04-23,11
2010-04-24,11
2010-04-25,6
2010-04-26,4
2010-04-27,4
2010-04-28,15
2010-04-29,4
2010-04-30,10
2010-05-01,13
2010-05-02,8
2010-05-03,9
2010-05-04,10
2010-05-05,8
2010-05-06,9
2010-05-07,7
2010-05-08,13
2010-05-09,13
2010-05-10,10
2010-05-11,7
2010-05-12,16
2010-05-13,7
2010-05-14,9
2010-05-15,14
2010-05-16,11
2010-05-17,3
2010-05-18,9
2010-05-19,10
2010-05-20,11
2010-05-21,8
2010-05-22,17
2010-05-23,7
2010-05-24,7
2010-05-25,10
2010-05-26,10
2010-05-27,8
2010-05-28,7
2010-05-29,18
2010-05-30,9
2010-05-31,8
2010-06-01,17
2010-06-02,10
2010-06-03,8
2010-06-04,7
2010-06-05,12
2010-06-06,15
2010-06-07,8
2010-06-08,5
2010-06-09,6
2010-06-10,11
2010-06-11,10
2010-06-12,12
2010-06-13,8
2010-06-14,7
2010-06-15,13
2010-06-16,8
2010-06-17,10
2010-06-18,13
2010-06-19,15
2010-06-20,14
2010-06-21,7
2010-06-22,6
2010-06-23,9
2010-06-24,15
2010-06-25,14
2010-06-26,29
2010-06-27,10
2010-06-28,15
2010-06-29,9
2010-06-30,18
2010-07-01,25
2010-07-02,21
2010-07-03,55
2010-07-04,201
2010-07-05,19
2010-07-06,11
2010-07-07,21
2010-07-08,18
2010-07-09,28
2010-07-10,45
2010-07-11,32
2010-07-12,15
2010-07-13,11
2010-07-14,13
2010-07-15,27
2010-07-16,22
2010-07-17,24
2010-07-18,18
2010-07-19,13
2010-07-20,20
2010-07-21,8
2010-07-22,18
2010-07-23,11
2010-07-24,17
2010-07-25,18
2010-07-26,11
2010-07-27,12
2010-07-28,18
2010-07-29,13
2010-07-30,8
2010-07-31,19
2010-08-01,16
2010-08-02,7
2010-08-03,13
2010-08-04,15
2010-08-05,12
2010-08-06,20
2010-08-07,18
2010-08-08,15
2010-08-09,12
2010-08-10,20
2010-08-11,14
2010-08-12,19
2010-08-13,29
2010-08-14,28
2010-08-15,16
2010-08-16,12
2010-08-17,11
2010-08-18,12
2010-08-19,8
2010-08-20,11
2010-08-21,18
2010-08-22,15
2010-08-23,10
2010-08-24,12
2010-08-25,14
2010-08-26,15
2010-08-27,21
2010-08-28,27
2010-08-29,20
2010-08-30,14
2010-08-31,7
2010-09-01,12
2010-09-02,14
2010-09-03,18
2010-09-04,29
2010-09-05,21
2010-09-06,12
2010-09-07,10
2010-09-08,10
2010-09-09,15
2010-09-10,18
2010-09-11,12
2010-09-12,13
2010-09-13,17
2010-09-14,20
2010-09-15,15
2010-09-16,7
2010-09-17,17
2010-09-18,14
2010-09-19,6
2010-09-20,9
2010-09-21,14
2010-09-22,13
2010-09-23,3
2010-09-24,10
2010-09-25,25
2010-09-26,10
2010-09-27,4
2010-09-28,16
2010-09-29,11
2010-09-30,19
2010-10-01,15
2010-10-02,13
2010-10-03,16
2010-10-04,7
2010-10-05,12
2010-10-06,13
2010-10-07,9
2010-10-08,20
2010-10-09,24
2010-10-10,18
2010-10-11,10
2010-10-12,18
2010-10-13,24
2010-10-14,10
2010-10-15,16
2010-10-16,15
2010-10-17,6
2010-10-18,8
2010-10-19,13
2010-10-20,17
2010-10-21,8
2010-10-22,14
2010-10-23,15
2010-10-24,2
2010-10-25,7
2010-10-26,7
2010-10-27,15
2010-10-28,8
2010-10-29,26
2010-10-30,15
2010-10-31,21
2010-11-01,13
2010-11-02,21
2010-11-03,11
2010-11-04,14
2010-11-05,12
2010-11-06,11
2010-11-07,12
2010-11-08,17
2010-11-09,13
2010-11-10,13
2010-11-11,10
2010-11-12,17
2010-11-13,12
2010-11-14,13
2010-11-15,15
2010-11-16,4
2010-11-17,18
2010-11-18,9
2010-11-19,9
2010-11-20,7
2010-11-21,9
2010-11-22,11
2010-11-23,6
2010-11-24,4
2010-11-25,6
2010-11-26,4
2010-11-27,7
2010-11-28,11
2010-11-29,2
2010-11-30,4
2010-12-01,9
2010-12-02,13
2010-12-03,9
2010-12-04,8
2010-12-05,6
2010-12-06,9
2010-12-07,5
2010-12-08,8
2010-12-09,12
2010-12-10,16
2010-12-11,9
2010-12-12,5
2010-12-13,9
2010-12-14,7
2010-12-15,9
2010-12-16,7
2010-12-17,5
2010-12-18,8
2010-12-19,6
2010-12-20,4
2010-12-21,8
2010-12-22,2
2010-12-23,10
2010-12-24,14
2010-12-25,12
2010-12-26,9
2010-12-27,6
2010-12-28,8
2010-12-29,12
2010-12-30,6
2010-12-31,27
2011-01-01,43
2011-01-02,10
2011-01-03,11
2011-01-04,14
2011-01-05,6
2011-01-06,18
2011-01-07,6
2011-01-08,7
2011-01-09,5
2011-01-10,10
2011-01-11,12
2011-01-12,10
2011-01-13,5
2011-01-14,11
2011-01-15,10
2011-01-16,9
2011-01-17,5
2011-01-18,7
2011-01-19,10
2011-01-20,8
2011-01-21,7
2011-01-22,11
2011-01-23,2
2011-01-24,8
2011-01-25,6
2011-01-26,6
2011-01-27,9
2011-01-28,10
2011-01-29,10
2011-01-30,5
2011-01-31,6
2011-02-01,7
2011-02-02,9
2011-02-03,6
2011-02-04,7
2011-02-05,16
2011-02-06,9
2011-02-07,6
2011-02-08,9
2011-02-09,5
2011-02-10,14
2011-02-11,13
2011-02-12,9
2011-02-13,7
2011-02-14,12
2011-02-15,9
2011-02-16,6
2011-02-17,7
2011-02-18,13
2011-02-19,12
2011-02-20,9
2011-02-21,12
2011-02-22,10
2011-02-23,11
2011-02-24,6
2011-02-25,9
2011-02-26,9
2011-02-27,4
2011-02-28,10
2011-03-01,15
2011-03-02,17
2011-03-03,12
2011-03-04,13
2011-03-05,7
2011-03-06,8
2011-03-07,14
2011-03-08,10
2011-03-09,10
2011-03-10,11
2011-03-11,16
2011-03-12,10
2011-03-13,10
2011-03-14,5
2011-03-15,8
2011-03-16,8
2011-03-17,6
2011-03-18,10
2011-03-19,15
2011-03-20,11
2011-03-21,3
2011-03-22,10
2011-03-23,7
2011-03-24,11
2011-03-25,10
2011-03-26,11
2011-03-27,5
2011-03-28,9
2011-03-29,12
2011-03-30,7
2011-03-31,8
2011-04-01,13
2011-04-02,14
2011-04-03,7
2011-04-04,8
2011-04-05,10
2011-04-06,8
2011-04-07,11
2011-04-08,9
2011-04-09,21
2011-04-10,3
2011-04-11,10
2011-04-12,9
2011-04-13,8
2011-04-14,24
2011-04-15,5
2011-04-16,11
2011-04-17,11
2011-04-18,7
2011-04-19,8
2011-04-20,9
2011-04-21,6
2011-04-22,8
2011-04-23,11
2011-04-24,12
2011-04-25,4
2011-04-26,8
2011-04-27,1
2011-04-28,9
2011-04-29,14
2011-04-30,15
2011-05-01,7
2011-05-02,4
2011-05-03,13
2011-05-04,9
2011-05-05,19
2011-05-06,8
2011-05-07,9
2011-05-08,15
2011-05-09,8
2011-05-10,4
2011-05-11,13
2011-05-12,6
2011-05-13,8
2011-05-14,8
2011-05-15,6
2011-05-16,7
2011-05-17,5
2011-05-18,3
2011-05-19,7
2011-05-20,9
2011-05-21,20
2011-05-22,14
2011-05-23,7
2011-05-24,6
2011-05-25,6
2011-05-26,5
2011-05-27,6
2011-05-28,19
2011-05-29,14
2011-05-30,11
2011-05-31,7
2011-06-01,16
2011-06-02,13
2011-06-03,14
2011-06-04,13
2011-06-05,7
2011-06-06,8
2011-06-07,9
2011-06-08,10
2011-06-09,8
2011-06-10,11
2011-06-11,13
2011-06-12,9
2011-06-13,14
2011-06-14,15
2011-06-15,20
2011-06-16,11
2011-06-17,15
2011-06-18,14
2011-06-19,11
2011-06-20,7
2011-06-21,15
2011-06-22,4
2011-06-23,7
2011-06-24,15
2011-06-25,18
2011-06-26,9
2011-06-27,7
2011-06-28,23
2011-06-29,19
2011-06-30,19
2011-07-01,31
2011-07-02,32
2011-07-03,67
2011-07-04,146
2011-07-05,20
2011-07-06,10
2011-07-07,13
2011-07-08,7
2011-07-09,18
2011-07-10,17
2011-07-11,14
2011-07-12,7
2011-07-13,21
2011-07-14,12
2011-07-15,24
2011-07-16,22
2011-07-17,14
2011-07-18,13
2011-07-19,10
2011-07-20,12
2011-07-21,16
2011-07-22,19
2011-07-23,30
2011-07-24,16
2011-07-25,9
2011-07-26,9
2011-07-27,23
2011-07-28,10
2011-07-29,13
2011-07-30,43
2011-07-31,17
2011-08-01,17
2011-08-02,16
2011-08-03,17
2011-08-04,17
2011-08-05,16
2011-08-06,22
2011-08-07,11
2011-08-08,15
2011-08-09,7
2011-08-10,12
2011-08-11,26
2011-08-12,39
2011-08-13,31
2011-08-14,23
2011-08-15,21
2011-08-16,15
2011-08-17,19
2011-08-18,10
2011-08-19,22
2011-08-20,32
2011-08-21,18
2011-08-22,13
2011-08-23,15
2011-08-24,11
2011-08-25,23
2011-08-26,19
2011-08-27,28
2011-08-28,23
2011-08-29,20
2011-08-30,20
2011-08-31,21
2011-09-01,26
2011-09-02,17
2011-09-03,30
2011-09-04,26
2011-09-05,14
2011-09-06,4
2011-09-07,9
2011-09-08,16
2011-09-09,14
2011-09-10,35
2011-09-11,14
2011-09-12,11
2011-09-13,12
2011-09-14,19
2011-09-15,16
2011-09-16,18
2011-09-17,27
2011-09-18,18
2011-09-19,9
2011-09-20,16
2011-09-21,13
2011-09-22,6
2011-09-23,15
2011-09-24,20
2011-09-25,18
2011-09-26,14
2011-09-27,12
2011-09-28,17
2011-09-29,18
2011-09-30,19
2011-10-01,24
2011-10-02,10
2011-10-03,9
2011-10-04,7
2011-10-05,21
2011-10-06,23
2011-10-07,14
2011-10-08,28
2011-10-09,22
2011-10-10,16
2011-10-11,8
2011-10-12,7
2011-10-13,15
2011-10-14,26
2011-10-15,24
2011-10-16,17
2011-10-17,19
2011-10-18,16
2011-10-19,13
2011-10-20,23
2011-10-21,29
2011-10-22,32
2011-10-23,34
2011-10-24,17
2011-10-25,24
2011-10-26,8
2011-10-27,14
2011-10-28,26
2011-10-29,21
2011-10-30,20
2011-10-31,23
2011-11-01,24
2011-11-02,12
2011-11-03,15
2011-11-04,9
2011-11-05,16
2011-11-06,22
2011-11-07,11
2011-11-08,13
2011-11-09,13
2011-11-10,8
2011-11-11,18
2011-11-12,19
2011-11-13,11
2011-11-14,11
2011-11-15,17
2011-11-16,23
2011-11-17,15
2011-11-18,13
2011-11-19,10
2011-11-20,8
2011-11-21,8
2011-11-22,7
2011-11-23,14
2011-11-24,22
2011-11-25,14
2011-11-26,12
2011-11-27,11
2011-11-28,9
2011-11-29,9
2011-11-30,9
2011-12-01,20
2011-12-02,18
2011-12-03,16
2011-12-04,12
2011-12-05,12
2011-12-06,6
2011-12-07,11
2011-12-08,10
2011-12-09,13
2011-12-10,6
2011-12-11,12
2011-12-12,10
2011-12-13,9
2011-12-14,12
2011-12-15,9
2011-12-16,16
2011-12-17,25
2011-12-18,19
2011-12-19,11
2011-12-20,16
2011-12-21,6
2011-12-22,12
2011-12-23,21
2011-12-24,40
2011-12-25,30
2011-12-26,13
2011-12-27,9
2011-12-28,7
2011-12-29,13
2011-12-30,13
2011-12-31,57
2012-01-01,68
2012-01-02,13
2012-01-03,25
2012-01-04,16
2012-01-05,12
2012-01-06,30
2012-01-07,17
2012-01-08,26
2012-01-09,15
2012-01-10,17
2012-01-11,26
2012-01-12,13
2012-01-13,14
2012-01-14,13
2012-01-15,14
2012-01-16,6
2012-01-17,14
2012-01-18,18
2012-01-19,19
2012-01-20,19
2012-01-21,13
2012-01-22,6
2012-01-23,8
2012-01-24,12
2012-01-25,17
2012-01-26,9
2012-01-27,16
2012-01-28,19
2012-01-29,14
2012-01-30,13
2012-01-31,6
2012-02-01,28
2012-02-02,10
2012-02-03,16
2012-02-04,23
2012-02-05,19
2012-02-06,21
2012-02-07,8
2012-02-08,16
2012-02-09,11
2012-02-10,12
2012-02-11,10
2012-02-12,10
2012-02-13,10
2012-02-14,8
2012-02-15,13
2012-02-16,12
2012-02-17,15
2012-02-18,9
2012-02-19,10
2012-02-20,9
2012-02-21,7
2012-02-22,11
2012-02-23,9
2012-02-24,6
2012-02-25,12
2012-02-26,12
2012-02-27,9
2012-02-28,13
2012-02-29,8
2012-03-01,11
2012-03-02,10
2012-03-03,23
2012-03-04,9
2012-03-05,16
2012-03-06,9
2012-03-07,10
2012-03-08,9
2012-03-09,14
2012-03-10,26
2012-03-11,8
2012-03-12,13
2012-03-13,21
2012-03-14,29
2012-03-15,15
2012-03-16,22
2012-03-17,17
2012-03-18,30
2012-03-19,16
2012-03-20,26
2012-03-21,17
2012-03-22,11
2012-03-23,19
2012-03-24,26
2012-03-25,13
2012-03-26,11
2012-03-27,21
2012-03-28,5
2012-03-29,12
2012-03-30,13
2012-03-31,7
2012-04-01,13
2012-04-02,16
2012-04-03,11
2012-04-04,8
2012-04-05,8
2012-04-06,16
2012-04-07,18
2012-04-08,13
2012-04-09,17
2012-04-10,21
2012-04-11,30
2012-04-12,19
2012-04-13,6
2012-04-14,12
2012-04-15,12
2012-04-16,18
2012-04-17,20
2012-04-18,15
2012-04-19,14
2012-04-20,19
2012-04-21,23
2012-04-22,24
2012-04-23,16
2012-04-24,14
2012-04-25,13
2012-04-26,18
2012-04-27,12
2012-04-28,14
2012-04-29,15
2012-04-30,6
2012-05-01,7
2012-05-02,9
2012-05-03,10
2012-05-04,11
2012-05-05,29
2012-05-06,17
2012-05-07,9
2012-05-08,14
2012-05-09,5
2012-05-10,11
2012-05-11,21
2012-05-12,36
2012-05-13,17
2012-05-14,9
2012-05-15,14
2012-05-16,11
2012-05-17,9
2012-05-18,14
2012-05-19,37
2012-05-20,25
2012-05-21,16
2012-05-22,19
2012-05-23,17
2012-05-24,12
2012-05-25,9
2012-05-26,22
2012-05-27,14
2012-05-28,22
2012-05-29,10
2012-05-30,11
2012-05-31,6
2012-06-01,15
2012-06-02,32
2012-06-03,7
2012-06-04,11
2012-06-05,20
2012-06-06,20
2012-06-07,21
2012-06-08,21
2012-06-09,29
2012-06-10,19
2012-06-11,10
2012-06-12,17
2012-06-13,16
2012-06-14,24
2012-06-15,27
2012-06-16,39
2012-06-17,22
2012-06-18,15
2012-06-19,12
2012-06-20,31
2012-06-21,20
2012-06-22,38
2012-06-23,43
2012-06-24,35
2012-06-25,21
2012-06-26,22
2012-06-27,29
2012-06-28,13
2012-06-29,27
2012-06-30,39
2012-07-01,29
2012-07-02,20
2012-07-03,30
2012-07-04,182
2012-07-05,23
2012-07-06,26
2012-07-07,45
2012-07-08,24
2012-07-09,24
2012-07-10,18
2012-07-11,17
2012-07-12,15
2012-07-13,28
2012-07-14,37
2012-07-15,17
2012-07-16,8
2012-07-17,20
2012-07-18,30
2012-07-19,22
2012-07-20,21
2012-07-21,41
2012-07-22,15
2012-07-23,20
2012-07-24,10
2012-07-25,24
2012-07-26,14
2012-07-27,21
2012-07-28,37
2012-07-29,26
2012-07-30,11
2012-07-31,25
2012-08-01,13
2012-08-02,17
2012-08-03,21
2012-08-04,34
2012-08-05,23
2012-08-06,40
2012-08-07,56
2012-08-08,27
2012-08-09,17
2012-08-10,24
2012-08-11,47
2012-08-12,35
2012-08-13,23
2012-08-14,20
2012-08-15,23
2012-08-16,17
2012-08-17,31
2012-08-18,65
2012-08-19,28
2012-08-20,17
2012-08-21,25
2012-08-22,17
2012-08-23,23
2012-08-24,24
2012-08-25,44
2012-08-26,31
2012-08-27,17
2012-08-28,11
2012-08-29,19
2012-08-30,16
2012-08-31,22
2012-09-01,44
2012-09-02,41
2012-09-03,15
2012-09-04,12
2012-09-05,11
2012-09-06,13
2012-09-07,17
2012-09-08,33
2012-09-09,25
2012-09-10,33
2012-09-11,28
2012-09-12,32
2012-09-13,12
2012-09-14,19
2012-09-15,41
2012-09-16,17
2012-09-17,14
2012-09-18,13
2012-09-19,13
2012-09-20,21
2012-09-21,42
2012-09-22,33
2012-09-23,29
2012-09-24,11
2012-09-25,17
2012-09-26,15
2012-09-27,16
2012-09-28,25
2012-09-29,35
2012-09-30,18
2012-10-01,16
2012-10-02,21
2012-10-03,18
2012-10-04,17
2012-10-05,26
2012-10-06,28
2012-10-07,13
2012-10-08,13
2012-10-09,16
2012-10-10,21
2012-10-11,14
2012-10-12,31
2012-10-13,32
2012-10-14,21
2012-10-15,15
2012-10-16,24
2012-10-17,20
2012-10-18,17
2012-10-19,21
2012-10-20,31
2012-10-21,28
2012-10-22,19
2012-10-23,20
2012-10-24,37
2012-10-25,10
2012-10-26,12
2012-10-27,20
2012-10-28,10
2012-10-29,17
2012-10-30,16
2012-10-31,16
2012-11-01,19
2012-11-02,17
2012-11-03,41
2012-11-04,23
2012-11-05,30
2012-11-06,24
2012-11-07,29
2012-11-08,40
2012-11-09,22
2012-11-10,41
2012-11-11,26
2012-11-12,21
2012-11-13,29
2012-11-14,31
2012-11-15,18
2012-11-16,31
2012-11-17,40
2012-11-18,25
2012-11-19,21
2012-11-20,10
2012-11-21,17
2012-11-22,44
2012-11-23,15
2012-11-24,19
2012-11-25,17
2012-11-26,8
2012-11-27,11
2012-11-28,21
2012-11-29,18
2012-11-30,11
2012-12-01,12
2012-12-02,5
2012-12-03,12
2012-12-04,23
2012-12-05,23
2012-12-06,22
2012-12-07,23
2012-12-08,16
2012-12-09,10
2012-12-10,16
2012-12-11,16
2012-12-12,25
2012-12-13,30
2012-12-14,20
2012-12-15,17
2012-12-16,11
2012-12-17,7
2012-12-18,15
2012-12-19,13
2012-12-20,27
2012-12-21,25
2012-12-22,25
2012-12-23,19
2012-12-24,26
2012-12-25,34
2012-12-26,11
2012-12-27,13
2012-12-28,19
2012-12-29,15
2012-12-30,14
2012-12-31,68
2013-01-01,71
2013-01-02,8
2013-01-03,20
2013-01-04,10
2013-01-05,15
2013-01-06,19
2013-01-07,7
2013-01-08,12
2013-01-09,8
2013-01-10,7
2013-01-11,8
2013-01-12,13
2013-01-13,8
2013-01-14,13
2013-01-15,10
2013-01-16,8
2013-01-17,11
2013-01-18,5
2013-01-19,12
2013-01-20,9
2013-01-21,6
2013-01-22,8
2013-01-23,7
2013-01-24,9
2013-01-25,14
2013-01-26,6
2013-01-27,7
2013-01-28,3
2013-01-29,5
2013-01-30,7
2013-01-31,11
2013-02-01,10
2013-02-02,11
2013-02-03,10
2013-02-04,7
2013-02-05,5
2013-02-06,15
2013-02-07,5
2013-02-08,8
2013-02-09,11
2013-02-10,7
2013-02-11,6
2013-02-12,7
2013-02-13,13
2013-02-14,15
2013-02-15,11
2013-02-16,13
2013-02-17,5
2013-02-18,8
2013-02-19,9
2013-02-20,11
2013-02-21,4
2013-02-22,10
2013-02-23,10
2013-02-24,9
2013-02-25,10
2013-02-26,13
2013-02-27,11
2013-02-28,10
2013-03-01,20
2013-03-02,18
2013-03-03,13
2013-03-04,5
2013-03-05,12
2013-03-06,8
2013-03-07,12
2013-03-08,11
2013-03-09,28
2013-03-10,12
2013-03-11,6
2013-03-12,7
2013-03-13,9
2013-03-14,12
2013-03-15,18
2013-03-16,16
2013-03-17,9
2013-03-18,3
2013-03-19,4
2013-03-20,14
2013-03-21,6
2013-03-22,15
2013-03-23,15
2013-03-24,5
2013-03-25,6
2013-03-26,8
2013-03-27,10
2013-03-28,12
2013-03-29,16
2013-03-30,27
2013-03-31,14
2013-04-01,16
2013-04-02,7
2013-04-03,8
2013-04-04,6
2013-04-05,13
2013-04-06,23
2013-04-07,7
2013-04-08,10
2013-04-09,14
2013-04-10,5
2013-04-11,7
2013-04-12,14
2013-04-13,20
2013-04-14,15
2013-04-15,11
2013-04-16,14
2013-04-17,8
2013-04-18,6
2013-04-19,9
2013-04-20,16
2013-04-21,20
2013-04-22,13
2013-04-23,8
2013-04-24,15
2013-04-25,18
2013-04-26,22
2013-04-27,28
2013-04-28,14
2013-04-29,13
2013-04-30,8
2013-05-01,15
2013-05-02,6
2013-05-03,21
2013-05-04,39
2013-05-05,18
2013-05-06,9
2013-05-07,10
2013-05-08,14
2013-05-09,8
2013-05-10,10
2013-05-11,23
2013-05-12,10
2013-05-13,10
2013-05-14,10
2013-05-15,14
2013-05-16,13
2013-05-17,11
2013-05-18,23
2013-05-19,14
2013-05-20,11
2013-05-21,5
2013-05-22,13
2013-05-23,9
2013-05-24,14
2013-05-25,26
2013-05-26,48
2013-05-27,18
2013-05-28,9
2013-05-29,12
2013-05-30,19
2013-05-31,24
2013-06-01,34
2013-06-02,17
2013-06-03,26
2013-06-04,22
2013-06-05,21
2013-06-06,11
2013-06-07,11
2013-06-08,31
2013-06-09,15
2013-06-10,8
2013-06-11,17
2013-06-12,12
2013-06-13,10
2013-06-14,15
2013-06-15,36
2013-06-16,20
2013-06-17,12
2013-06-18,10
2013-06-19,17
2013-06-20,19
2013-06-21,24
2013-06-22,49
2013-06-23,21
2013-06-24,11
2013-06-25,20
2013-06-26,13
2013-06-27,14
2013-06-28,17
2013-06-29,30
2013-06-30,19
2013-07-01,18
2013-07-02,14
2013-07-03,46
2013-07-04,175
2013-07-05,49
2013-07-06,77
2013-07-07,28
2013-07-08,16
2013-07-09,8
2013-07-10,17
2013-07-11,16
2013-07-12,31
2013-07-13,50
2013-07-14,25
2013-07-15,17
2013-07-16,17
2013-07-17,27
2013-07-18,27
2013-07-19,13
2013-07-20,16
2013-07-21,7
2013-07-22,8
2013-07-23,9
2013-07-24,24
2013-07-25,19
2013-07-26,26
2013-07-27,42
2013-07-28,17
2013-07-29,30
2013-07-30,21
2013-07-31,12
2013-08-01,17
2013-08-02,28
2013-08-03,39
2013-08-04,29
2013-08-05,27
2013-08-06,27
2013-08-07,33
2013-08-08,32
2013-08-09,22
2013-08-10,51
2013-08-11,23
2013-08-12,30
2013-08-13,28
2013-08-14,24
2013-08-15,34
2013-08-16,29
2013-08-17,32
2013-08-18,23
2013-08-19,13
2013-08-20,25
2013-08-21,18
2013-08-22,24
2013-08-23,26
2013-08-24,53
2013-08-25,25
2013-08-26,15
2013-08-27,14
2013-08-28,14
2013-08-29,15
2013-08-30,31
2013-08-31,41
2013-09-01,37
2013-09-02,20
2013-09-03,15
2013-09-04,17
2013-09-05,28
2013-09-06,17
2013-09-07,32
2013-09-08,17
2013-09-09,19
2013-09-10,9
2013-09-11,21
2013-09-12,17
2013-09-13,22
2013-09-14,47
2013-09-15,19
2013-09-16,11
2013-09-17,10
2013-09-18,24
2013-09-19,19
2013-09-20,21
2013-09-21,39
2013-09-22,38
2013-09-23,27
2013-09-24,21
2013-09-25,14
2013-09-26,32
2013-09-27,31
2013-09-28,57
2013-09-29,26
2013-09-30,10
2013-10-01,22
2013-10-02,18
2013-10-03,20
2013-10-04,32
2013-10-05,37
2013-10-06,16
2013-10-07,14
2013-10-08,25
2013-10-09,26
2013-10-10,17
2013-10-11,26
2013-10-12,35
2013-10-13,34
2013-10-14,20
2013-10-15,20
2013-10-16,15
2013-10-17,15
2013-10-18,28
2013-10-19,40
2013-10-20,14
2013-10-21,18
2013-10-22,25
2013-10-23,30
2013-10-24,34
2013-10-25,27
2013-10-26,31
2013-10-27,18
2013-10-28,16
2013-10-29,8
2013-10-30,20
2013-10-31,19
2013-11-01,33
2013-11-02,32
2013-11-03,31
2013-11-04,25
2013-11-05,23
2013-11-06,19
2013-11-07,17
2013-11-08,12
2013-11-09,25
2013-11-10,28
2013-11-11,18
2013-11-12,20
2013-11-13,27
2013-11-14,14
2013-11-15,26
2013-11-16,32
2013-11-17,18
2013-11-18,21
2013-11-19,27
2013-11-20,34
2013-11-21,14
2013-11-22,23
2013-11-23,23
2013-11-24,23
2013-11-25,14
2013-11-26,14
2013-11-27,12
2013-11-28,47
2013-11-29,31
2013-11-30,36
2013-12-01,15
2013-12-02,15
2013-12-03,25
2013-12-04,13
2013-12-05,8
2013-12-06,23
2013-12-07,28
2013-12-08,9
2013-12-09,15
2013-12-10,22
2013-12-11,13
2013-12-12,26
2013-12-13,33
2013-12-14,12
2013-12-15,12
2013-12-16,12
2013-12-17,15
2013-12-18,15
2013-12-19,20
2013-12-20,10
2013-12-21,14
2013-12-22,15
2013-12-23,20
2013-12-24,53
2013-12-25,45
2013-12-26,24
2013-12-27,28
2013-12-28,30
2013-12-29,19
2013-12-30,12
2013-12-31,89
2014-01-01,93
2014-01-02,16
2014-01-03,11
2014-01-04,31
2014-01-05,9
2014-01-06,17
2014-01-07,14
2014-01-08,12
2014-01-09,15
2014-01-10,15
2014-01-11,20
2014-01-12,25
2014-01-13,15
2014-01-14,15
2014-01-15,23
2014-01-16,21
2014-01-17,19
2014-01-18,30
2014-01-19,22
2014-01-20,18
2014-01-21,17
2014-01-22,16
2014-01-23,24
2014-01-24,22
2014-01-25,27
2014-01-26,11
2014-01-27,10
2014-01-28,15
2014-01-29,16
2014-01-30,19
2014-01-31,24
2014-02-01,27
2014-02-02,23
2014-02-03,8
2014-02-04,9
2014-02-05,15
2014-02-06,12
2014-02-07,23
2014-02-08,21
2014-02-09,10
2014-02-10,13
2014-02-11,13
2014-02-12,3
2014-02-13,16
2014-02-14,29
2014-02-15,16
2014-02-16,10
2014-02-17,14
2014-02-18,17
2014-02-19,16
2014-02-20,17
2014-02-21,30
2014-02-22,34
2014-02-23,23
2014-02-24,15
2014-02-25,11
2014-02-26,18
2014-02-27,22
2014-02-28,17
2014-03-01,19
2014-03-02,14
2014-03-03,11
2014-03-04,10
2014-03-05,19
2014-03-06,10
2014-03-07,17
2014-03-08,17
2014-03-09,16
2014-03-10,21
2014-03-11,10
2014-03-12,14
2014-03-13,9
2014-03-14,5
2014-03-15,16
2014-03-16,10
2014-03-17,8
2014-03-18,16
2014-03-19,20
2014-03-20,24
2014-03-21,13
2014-03-22,14
2014-03-23,10
2014-03-24,14
2014-03-25,14
2014-03-26,13
2014-03-27,14
2014-03-28,11
2014-03-29,18
2014-03-30,15
2014-03-31,20
2014-04-01,15
2014-04-02,17
2014-04-03,16
2014-04-04,15
2014-04-05,39
2014-04-06,16
2014-04-07,13
2014-04-08,20
2014-04-09,18
2014-04-10,26
2014-04-11,25
2014-04-12,26
2014-04-13,14
2014-04-14,15
2014-04-15,26
2014-04-16,16
2014-04-17,10
2014-04-18,24
2014-04-19,27
2014-04-20,25
2014-04-21,11
2014-04-22,20
2014-04-23,15
2014-04-24,24
2014-04-25,14
2014-04-26,19
2014-04-27,30
2014-04-28,8
2014-04-29,14
2014-04-30,15
2014-05-01,32
2014-05-02,15
2014-05-03,25
2014-05-04,9
2014-05-05,13
2014-05-06,11
2014-05-07,14
2014-05-08,2
